site,title,company,location,date_posted,job_url,job_url_direct,id,job_type,salary_source,interval,min_amount,max_amount,currency,is_remote,job_level,job_function,listing_type,emails,company_industry,company_url,company_url_direct,company_addresses,company_num_employees,company_revenue,company_description,skills,experience_range,company_rating,company_reviews_count,vacancy_count,work_from_home_type
linkedin,"Senior Product Development Engineer | High-Speed Terminals (m,f,d)",Molex,"Hildesheim, Lower Saxony, Germany",2026-07-12,https://www.linkedin.com/jobs/view/4380258664 , ,li-4380258664,fulltime,,,,,,False,mid-senior level,Engineering and Information Technology,,,"Appliances, Electrical, and Electronics Manufacturing",https://www.linkedin.com/company/molex,,,,,,,,,,,
linkedin,Senior Consultant (m/w/d) Data Engineering & Energy Systems,Net Zero Group,,2026-07-12,https://www.linkedin.com/jobs/view/4439708963 , ,li-4439708963,parttime,,,,,,False,mid-senior level,"Consulting, Information Technology, and Sales",,,Business Consulting and Services,https://www.linkedin.com/company/nzg-net-zero-consulting-gmbh,,,,,,,,,,,
linkedin,Product Engineering Expert (100%),Belimo,"Großröhrsdorf, Saxony, Germany",2026-07-12,https://www.linkedin.com/jobs/view/4421786749 , ,li-4421786749,fulltime,,,,,,False,mid-senior level,Engineering and Information Technology,,,HVAC and Refrigeration Equipment Manufacturing,https://ch.linkedin.com/company/belimo,,,,,,,,,,,
linkedin,Konstruktionsingenieur R&D (w/m/d),Trench Group,"Troisdorf, North Rhine-Westphalia, Germany",2026-07-12,https://www.linkedin.com/jobs/view/4311119434 , ,li-4311119434,fulltime,,,,,,False,mid-senior level,Engineering and Information Technology,,,"Industrial Machinery Manufacturing, Renewable Energy Equipment Manufacturing, and Semiconductor Manufacturing",https://de.linkedin.com/company/trench-group,,,,,,,,,,,
linkedin,CAD Design Engineer -Thermal Control System,The Exploration Company,"Munich, Bavaria, Germany",2026-07-12,https://www.linkedin.com/jobs/view/4411773706 , ,li-4411773706,fulltime,,,,,,False,mid-senior level,Engineering and Information Technology,,,Aviation and Aerospace Component Manufacturing,https://de.linkedin.com/company/exploration-company,,,,,,,,,,,
linkedin,Network Engineer,inducio GmbH,"Traunstein, Bavaria, Germany",2026-07-12,https://www.linkedin.com/jobs/view/4438961656 , ,li-4438961656,fulltime,,,,,,False,entry level,Information Technology,,,IT Services and IT Consulting,https://www.linkedin.com/company/inducio-gmbh,,,,,,,,,,,
linkedin,Parachute System Engineer,The Exploration Company,"Munich, Bavaria, Germany",2026-07-12,https://www.linkedin.com/jobs/view/4411707707 , ,li-4411707707,fulltime,,,,,,False,mid-senior level,Information Technology,,,Aviation and Aerospace Component Manufacturing,https://de.linkedin.com/company/exploration-company,,,,,,,,,,,
linkedin,Junior Projektingenieur (m/w/d),ORANGE Engineering GmbH & Co. KG,"Kiel, Schleswig-Holstein, Germany",2026-07-12,https://www.linkedin.com/jobs/view/4437216412 , ,li-4437216412,fulltime,,,,,,False,entry level,Engineering and Information Technology,,,Machinery Manufacturing,https://de.linkedin.com/company/orange-engineering-gmbh,,,,,,,,,,,
linkedin,Technische/r Produktdesigner/in – Maschinen- und Anlagenkonstruktion (m/w/d),EnPro Engineering- und Produktionsgesellschaft mbH,"Nuremberg, Bavaria, Germany",2026-07-12,https://www.linkedin.com/jobs/view/4436696853 , ,li-4436696853,fulltime,,,,,,False,internship,"Design, Art/Creative, and Information Technology",,,Industrial Machinery Manufacturing,https://www.linkedin.com/company/enpro-engineering--und-produktionsgesellschaft-mbh,,,,,,,,,,,
linkedin,Junior Konstrukteur Schiffbetriebstechnik (m/w/d),ORANGE Engineering GmbH & Co. KG,"Kiel, Schleswig-Holstein, Germany",2026-07-12,https://www.linkedin.com/jobs/view/4437213541 , ,li-4437213541,fulltime,,,,,,False,entry level,Engineering and Information Technology,,,Machinery Manufacturing,https://de.linkedin.com/company/orange-engineering-gmbh,,,,,,,,,,,
linkedin,Maschinenbauingenieur (m/w/d),Boels Verleih GmbH,"Freilassing, Bavaria, Germany",2026-07-12,https://www.linkedin.com/jobs/view/4436699174 , ,li-4436699174,fulltime,,,,,,False,entry level,Research and Engineering,,personal@robel.com,Construction,https://www.linkedin.com/company/boels-verleih-gmbh,,,,,,,,,,,
linkedin,Techniker Maschinenbau als Konstrukteur - Fertigung & Montage (m/w/d),FAU Erlangen-Nürnberg,"Erlangen, Bavaria, Germany",2026-07-11,https://www.linkedin.com/jobs/view/4439565345 , ,li-4439565345,fulltime,,,,,,False,mid-senior level,Engineering and Information Technology,,,Research Services,https://de.linkedin.com/school/fau-erlangen-n%C3%BCrnberg/,,,,,,,,,,,
linkedin,CAD-Konstrukteur für Versuchsaufbauten und Prüfstände (m/w/d),FAU Erlangen-Nürnberg,"Erlangen, Bavaria, Germany",2026-07-11,https://www.linkedin.com/jobs/view/4439565343 , ,li-4439565343,fulltime,,,,,,False,mid-senior level,"Design, Art/Creative, and Information Technology",,,Research Services,https://de.linkedin.com/school/fau-erlangen-n%C3%BCrnberg/,,,,,,,,,,,
linkedin,AvePoint Senior System Engineer (m/w/d),BWI GmbH,"Rheinbach, North Rhine-Westphalia, Germany",2026-07-11,https://www.linkedin.com/jobs/view/4431145115 , ,li-4431145115,fulltime,,,,,,False,mid-senior level,Information Technology,,,IT Services and IT Consulting,https://de.linkedin.com/company/bwi-gmbh,,,,,,,,,,,
linkedin,Konstrukteur (m/w/d),mentec GmbH,"Surberg, Bavaria, Germany",2026-07-11,https://www.linkedin.com/jobs/view/4438913061 , ,li-4438913061,fulltime,,,,,,False,entry level,Management and Manufacturing,,,Plastics Manufacturing,https://de.linkedin.com/company/mentec-gmbh,,,,,,,,,,,
linkedin,"Versuchsingenieur Mechanik, all genders",SALT AND PEPPER Group,"Osnabrück, Lower Saxony, Germany",2026-07-11,https://www.linkedin.com/jobs/view/4301172989 , ,li-4301172989,fulltime,,,,,,False,entry level,Engineering and Information Technology,,,Engineering Services,https://de.linkedin.com/company/salt-and-pepper,,,,,,,,,,,
linkedin,Mitarbeiter Entwicklung (m/w/d),REVCON,"Bönen, North Rhine-Westphalia, Germany",2026-07-11,https://www.linkedin.com/jobs/view/4438922125 , ,li-4438922125,fulltime,,,,,,False,entry level,Sales,,,Warehousing and Storage,https://de.linkedin.com/company/revcon,,,,,,,,,,,
linkedin,Entwicklungsingenieur Wärmepumpensysteme (m/w/d),STIEBEL ELTRON Group,"Holzminden, Lower Saxony, Germany",2026-07-11,https://www.linkedin.com/jobs/view/4436661458 , ,li-4436661458,fulltime,,,,,,False,mid-senior level,Engineering and Information Technology,,,Motor Vehicle Manufacturing,https://de.linkedin.com/company/stiebel-eltron-group,,,,,,,,,,,
linkedin,Senior System Engineer / Netzwerkarchitekt - RZ-Betrieb (w/m/d),Instaffo,"Bremen, Bremen, Germany",2026-07-11,https://www.linkedin.com/jobs/view/4369934984 , ,li-4369934984,fulltime,,,,,,True,mid-senior level,Engineering and Information Technology,,,Staffing and Recruiting,https://de.linkedin.com/company/instaffo-gmbh,,,,,,,,,,,
linkedin,Systems Engineer - EF Mission Support System (all gender),ALTEN Germany,"Manching, Bavaria, Germany",2026-07-10,https://www.linkedin.com/jobs/view/4341163303 , ,li-4341163303,fulltime,,,,,,False,associate,Engineering,,,Aviation and Aerospace Component Manufacturing,https://de.linkedin.com/company/altengermany,,,,,,,,,,,
linkedin,Systems Engineer – Avionics - Germany,Greenjets,"Munich, Bavaria, Germany",2026-07-10,https://www.linkedin.com/jobs/view/4437959917 , ,li-4437959917,fulltime,,,,,,False,mid-senior level,Engineering and Information Technology,,,Aviation and Aerospace Component Manufacturing,https://uk.linkedin.com/company/greenjetsltd,,,,,,,,,,,
linkedin,System Engineer (Mensch),NEURA Robotics,"Munich, Bavaria, Germany",2026-07-10,https://www.linkedin.com/jobs/view/4437806381 , ,li-4437806381,fulltime,,,,,,False,mid-senior level,Information Technology,,,Automation Machinery Manufacturing,https://de.linkedin.com/company/neura-robotics,,,,,,,,,,,
linkedin,Systems Innovation Engineer,Twentyfour Industries,"Munich, Bavaria, Germany",2026-07-10,https://www.linkedin.com/jobs/view/4435965393 , ,li-4435965393,fulltime,,,,,,True,associate,Supply Chain,,,Software Development,https://www.linkedin.com/company/24industries,,,,,,,,,,,
linkedin,Konstruktionsingenieur Fahrzeugtechnik (m/w/d),Oehmichen & Bürgers Industrieplanung GmbH,"Düsseldorf, North Rhine-Westphalia, Germany",2026-07-10,https://www.linkedin.com/jobs/view/4439097331 , ,li-4439097331,fulltime,,,,,,False,entry level,Engineering and Information Technology,,,Engineering Services,https://de.linkedin.com/company/oub,,,,,,,,,,,
linkedin,Electronic Systems Engineer,AEW Automotive Systems GmbH,"Neuss, North Rhine-Westphalia, Germany",2026-07-10,https://www.linkedin.com/jobs/view/4439070081 , ,li-4439070081,fulltime,,,,,,False,mid-senior level,Engineering,,,Motor Vehicle Manufacturing,https://de.linkedin.com/company/aew-automotive-systems-gmbh,,,,,,,,,,,
linkedin,Design Evaluation Engineer,Analog Devices,"Ismaning, Bavaria, Germany",2026-07-10,https://www.linkedin.com/jobs/view/4427885345 , ,li-4427885345,fulltime,,,,,,False,mid-senior level,Engineering and Information Technology,,,Semiconductor Manufacturing,https://www.linkedin.com/company/analog-devices,,,,,,,,,,,
linkedin,"Mechanical Design Engineer (m,w,d)",Molex,"Schönefeld, Brandenburg, Germany",2026-07-10,https://www.linkedin.com/jobs/view/4409257753 , ,li-4409257753,fulltime,,,,,,False,mid-senior level,Engineering and Information Technology,,,"Appliances, Electrical, and Electronics Manufacturing",https://www.linkedin.com/company/molex,,,,,,,,,,,
linkedin,Vehicle Test Engineer - ADAS (m/f/d),SEGULA Technologies,"Raunheim, Hesse, Germany",2026-07-10,https://www.linkedin.com/jobs/view/4430920639 , ,li-4430920639,fulltime,,,,,,False,mid-senior level,Engineering and Information Technology,,,Engineering Services,https://fr.linkedin.com/company/segula-technologies,,,,,,,,,,,
linkedin,Berechnungsingenieur MKS (m/w/d),IAMT Test Systems (IAMT Gruppe),"Dresden, Saxony, Germany",2026-07-10,https://www.linkedin.com/jobs/view/4439087113 , ,li-4439087113,fulltime,,,,,,False,entry level,Engineering and Information Technology,,,Machinery Manufacturing,https://de.linkedin.com/company/iamt-pruefsysteme,,,,,,,,,,,
linkedin,Lead Engineer Integrated Engine Design - Propulsion (m/f/d),Isar Aerospace,"Ottobrunn, Bavaria, Germany",2026-07-10,https://www.linkedin.com/jobs/view/4387252828 , ,li-4387252828,fulltime,,,,,,False,mid-senior level,Engineering and Information Technology,,,Aviation and Aerospace Component Manufacturing,https://de.linkedin.com/company/isaraerospace,,,,,,,,,,,
linkedin,Junior Flight Dynamics Modelling Engineer,TXT GROUP,"Munich, Bavaria, Germany",2026-07-10,https://www.linkedin.com/jobs/view/4438339173 , ,li-4438339173,fulltime,,,,,,False,entry level,Engineering and Information Technology,,,IT Services and IT Consulting,https://it.linkedin.com/company/txtgroup,,,,,,,,,,,
linkedin,Computer Vision / Perception Engineer (Senior/Expert),VINFAST,"Frankfurt am Main, Hesse, Germany",2026-07-10,https://www.linkedin.com/jobs/view/4437941972 , ,li-4437941972,fulltime,,,,,,False,mid-senior level,Engineering,,,Software Development,https://vn.linkedin.com/company/vinfast,,,,,,,,,,,
linkedin,Functional Developer - ADAS Emergency Brake Assistt & Camera systeme,Guldberg GmbH,"Munich, Bavaria, Germany",2026-07-10,https://www.linkedin.com/jobs/view/4435988620 , ,li-4435988620,fulltime,,,,,,False,associate,Engineering,,,Automation Machinery Manufacturing,https://de.linkedin.com/company/guldberggmbh,,,,,,,,,,,
linkedin,Systems Engineer – Electrical Systems / Powertrain,Greenjets,"Munich, Bavaria, Germany",2026-07-10,https://www.linkedin.com/jobs/view/4437964732 , ,li-4437964732,fulltime,,,,,,False,mid-senior level,Engineering and Information Technology,,,Aviation and Aerospace Component Manufacturing,https://uk.linkedin.com/company/greenjetsltd,,,,,,,,,,,
linkedin,Mechanical Engineer (f/m/d),NexWafe,"Freiburg, Baden-Württemberg, Germany",2026-07-10,https://www.linkedin.com/jobs/view/4435962279 , ,li-4435962279,fulltime,,,,,,False,associate,Engineering,,,Business Consulting and Services,https://www.linkedin.com/company/nexwafe,,,,,,,,,,,
linkedin,Expert Application Engineer,Guldberg GmbH,"Munich, Bavaria, Germany",2026-07-10,https://www.linkedin.com/jobs/view/4435997087 , ,li-4435997087,fulltime,,,,,,False,mid-senior level,Engineering and Information Technology,,,Automation Machinery Manufacturing,https://de.linkedin.com/company/guldberggmbh,,,,,,,,,,,
linkedin,Konstrukteur (m/w/d) Schwerpunkt schiffbauliche Ausrüstung,NORD Engineering Müller GmbH,"Bremen, Germany",2026-07-10,https://www.linkedin.com/jobs/view/4437956771 , ,li-4437956771,fulltime,,,,,,False,entry level,Engineering,,,Shipbuilding,https://de.linkedin.com/company/nordengineeringmueller,,,,,,,,,,,
linkedin,Mechanical Design Engineer,Terra Quantum AG,"Munich, Bavaria, Germany",2026-07-10,https://www.linkedin.com/jobs/view/4439097104 , ,li-4439097104,fulltime,,,,,,True,mid-senior level,Engineering and Information Technology,,,"Technology, Information and Internet",https://ch.linkedin.com/company/terra-quantum-ag,,,,,,,,,,,
linkedin,Entwicklungsingenieur Automotive Interior (all gender) – Bauteilverantwortung & Serienentwicklung gg,ALTEN Germany,"Stadt Landshut, Bavaria, Germany",2026-07-10,https://www.linkedin.com/jobs/view/4435974655 , ,li-4435974655,fulltime,,,,,,False,associate,"Engineering, Quality Assurance, and Information Technology",,,"Machinery Manufacturing, Aviation and Aerospace Component Manufacturing, and Motor Vehicle Manufacturing",https://de.linkedin.com/company/altengermany,,,,,,,,,,,
linkedin,Mechanical Engineer,TXT GROUP,"Bavaria, Germany",2026-07-10,https://www.linkedin.com/jobs/view/4438327539 , ,li-4438327539,fulltime,,,,,,False,entry level,Engineering and Information Technology,,,IT Services and IT Consulting,https://it.linkedin.com/company/txtgroup,,,,,,,,,,,
linkedin,Maschinenkonstrukteur (m/w/d) Turbokompressoren,AERZEN Rental Solutions KSA,"Leipzig, Saxony, Germany",2026-07-10,https://www.linkedin.com/jobs/view/4439346088 , ,li-4439346088,fulltime,,,,,,False,entry level,Engineering and Information Technology,,,Equipment Rental Services,https://sa.linkedin.com/company/aerzen-rental-solutions-middle-east,,,,,,,,,,,
linkedin,Mechanical Design Engineer (f/m/d),QuantumDiamonds,"Munich, Bavaria, Germany",2026-07-10,https://www.linkedin.com/jobs/view/4432670003 , ,li-4432670003,fulltime,,,,,,False,associate,Engineering,,,Software Development,https://de.linkedin.com/company/quantumdiamonds,,,,,,,,,,,
linkedin,Mechanical Engineer (m/f/d),INLEAP Photonics GmbH,"Hannover, Lower Saxony, Germany",2026-07-10,https://www.linkedin.com/jobs/view/4439387431 , ,li-4439387431,fulltime,,,,,,False,entry level,Engineering and Information Technology,,,Machinery Manufacturing,https://de.linkedin.com/company/inleap-photonics-gmbh,,,,,,,,,,,
linkedin,Lead Design and Certification Engineer - EASA Part 21J Cabin Interiors (m/f/d),Boeing,"Munich, Bavaria, Germany",2026-07-10,https://www.linkedin.com/jobs/view/4435937703 , ,li-4435937703,fulltime,,,,,,False,not applicable,Management and Manufacturing,,,"Airlines and Aviation, Aviation and Aerospace Component Manufacturing, and Defense and Space Manufacturing",https://www.linkedin.com/company/boeing,,,,,,,,,,,
linkedin,CAD Design Engineer (m/w/d),InterEngineer GmbH,"Kiel, Schleswig-Holstein, Germany",2026-07-10,https://www.linkedin.com/jobs/view/4437987730 , ,li-4437987730,fulltime,,,,,,False,entry level,Engineering and Information Technology,,,Rail Transportation,https://de.linkedin.com/company/interengineer-gmbh,,,,,,,,,,,
linkedin,Entwicklungsingenieur*in (m/w/d) Sonderanlagenbau (befristet 2 Jahre),Kärcher,"Schwaikheim, Baden-Württemberg, Germany",2026-07-10,https://www.linkedin.com/jobs/view/4435973735 , ,li-4435973735,fulltime,,,,,,False,entry level,Engineering and Information Technology,,elene.denk@karcher.com,Industrial Machinery Manufacturing,https://de.linkedin.com/company/alfred-kaercher-se-&-co-kg,,,,,,,,,,,
linkedin,Konstruktionsingenieur (m/w/d),AERZEN worldwide,"Emmerthal, Lower Saxony, Germany",2026-07-10,https://www.linkedin.com/jobs/view/4435969506 , ,li-4435969506,fulltime,,,,,,False,entry level,Engineering and Information Technology,,,Machinery Manufacturing,https://de.linkedin.com/company/aerzen-worldwide,,,,,,,,,,,
linkedin,(Senior) Mechanical Systems Design Engineer (m/f/d),Nordex Group,"Rostock, Mecklenburg-West Pomerania, Germany",2026-07-10,https://www.linkedin.com/jobs/view/4439092630 , ,li-4439092630,parttime,,,,,,False,entry level,Engineering and Information Technology,,,Renewable Energy Equipment Manufacturing,https://de.linkedin.com/company/nordex,,,,,,,,,,,
linkedin,Konstrukteur (m/w/d),GAPLAST GmbH,"Peiting, Bavaria, Germany",2026-07-10,https://www.linkedin.com/jobs/view/4435978779 , ,li-4435978779,fulltime,,,,,,False,mid-senior level,Management and Manufacturing,,"bewerbung@gaplast.de, bewerbung@gaplast.de",Packaging and Containers Manufacturing,https://de.linkedin.com/company/gaplast-gmbh,,,,,,,,,,,
linkedin,CAD-Konstrukteur für Versuchsaufbauten und Prüfstände (m/w/d),Department Artificial Intelligence in Biomedical Engineering - AIBE@FAU,"Erlangen, Bavaria, Germany",2026-07-10,https://www.linkedin.com/jobs/view/4438396161 , ,li-4438396161,fulltime,,,,,,False,entry level,"Design, Art/Creative, and Information Technology",,,Research Services,https://de.linkedin.com/company/aibe-fau,,,,,,,,,,,
linkedin,Application Engineer Fahrzeugtechnik & Homologation (all gender),ALTEN Germany,"Munich, Bavaria, Germany",2026-07-10,https://www.linkedin.com/jobs/view/4420726475 , ,li-4420726475,fulltime,,,,,,False,associate,Engineering and Information Technology,,,Motor Vehicle Manufacturing,https://de.linkedin.com/company/altengermany,,,,,,,,,,,
linkedin,Product Designer - EV Experience,WirelessCar,"Munich, Bavaria, Germany",2026-07-10,https://www.linkedin.com/jobs/view/4438342874 , ,li-4438342874,fulltime,,,,,,True,entry level,"Design, Art/Creative, and Information Technology",,,Software Development,https://se.linkedin.com/company/wirelesscar,,,,,,,,,,,
linkedin,Senior Systems Engineer – EA Antenna & Payload Design,Helsing,"Berlin, Berlin, Germany",2026-07-10,https://www.linkedin.com/jobs/view/4435976704 , ,li-4435976704,fulltime,,,,,,True,mid-senior level,Administrative,,,Software Development,https://de.linkedin.com/company/helsing,,,,,,,,,,,
linkedin,System Engineer (w/m/d) - Datenbankadministration,Computacenter,,2026-07-10,https://www.linkedin.com/jobs/view/4315134445 , ,li-4315134445,fulltime,,,,,,True,associate,Information Technology,,KLARA.FASTING@COMPUTACENTER.COM,Information Technology & Services,https://uk.linkedin.com/company/computacenter,,,,,,,,,,,
linkedin,System Engineer SAP Services (f/m/d),Endress+Hauser Group,"Weil am Rhein, Baden-Württemberg, Germany",2026-07-10,https://www.linkedin.com/jobs/view/4370378849 , ,li-4370378849,fulltime,,,,,,False,entry level,Information Technology,,,Automation Machinery Manufacturing,https://ch.linkedin.com/company/endress-hauser-group,,,,,,,,,,,
linkedin,Automotive Staff Field Applications Engineer,Analog Devices,,2026-07-10,https://www.linkedin.com/jobs/view/4382078789 , ,li-4382078789,fulltime,,,,,,False,mid-senior level,Sales and Business Development,,,Semiconductor Manufacturing,https://www.linkedin.com/company/analog-devices,,,,,,,,,,,
linkedin,Development Engineer - Thermal and Fluid Systems (m/f/d),Airbus Defence and Space,"Manching, Bavaria, Germany",2026-07-10,https://www.linkedin.com/jobs/view/4435945557 , ,li-4435945557,parttime,,,,,,False,entry level,Engineering and Information Technology,,emsom@airbus.com,Defense and Space Manufacturing,https://www.linkedin.com/company/airbus-defence-and-space,,,,,,,,,,,
linkedin,Senior Mechanical Engineer - Robotics,Omegga,,2026-07-10,https://www.linkedin.com/jobs/view/4435979776 , ,li-4435979776,fulltime,,,,,,True,mid-senior level,Engineering and Information Technology,,,Biotechnology Research,https://de.linkedin.com/company/omegga-ai-spectroscopy,,,,,,,,,,,
linkedin,Senior Engineer - Steam Turbine Product Service (m/f/d),GE Vernova,"Bavaria, Germany",2026-07-10,https://www.linkedin.com/jobs/view/4439329161 , ,li-4439329161,fulltime,,,,,,True,mid-senior level,Engineering and Information Technology,,,Energy Technology,https://www.linkedin.com/company/gevernova,,,,,,,,,,,
linkedin,Systemingenieur / Systems Engineer Embedded Software (m/w/d),Product Pulse,"Düsseldorf, North Rhine-Westphalia, Germany",2026-07-09,https://www.linkedin.com/jobs/view/4437357919 , ,li-4437357919,fulltime,,,,,,False,entry level,Engineering,,,Automation Machinery Manufacturing,https://de.linkedin.com/company/product-pulse-consulting,,,,,,,,,,,
linkedin,Systems Engineer (w/m/d),MBDA Deutschland,"Schrobenhausen, Bavaria, Germany",2026-07-09,https://www.linkedin.com/jobs/view/4438554689 , ,li-4438554689,fulltime,,,,,,False,mid-senior level,Information Technology,,,Defense and Space Manufacturing,https://de.linkedin.com/company/mbda-deutschland,,,,,,,,,,,
linkedin,Bachelorand Systems Engineering (m/f/d),Danfoss,"Nuremberg, Bavaria, Germany",2026-07-09,https://www.linkedin.com/jobs/view/4438595977 , ,li-4438595977,parttime,,,,,,False,entry level,Research and Engineering,,,Industrial Machinery Manufacturing,https://dk.linkedin.com/company/danfoss,,,,,,,,,,,
linkedin,System Engineer (m/f/d) Aerospace & Defence,FERCHAU,"Garching, Bavaria, Germany",2026-07-09,https://www.linkedin.com/jobs/view/4438587068 , ,li-4438587068,fulltime,,,,,,False,entry level,Information Technology,,aviation.muc@ferchau.com,Engineering Services,https://de.linkedin.com/company/ferchau,,,,,,,,,,,
linkedin,System Engineer (m/f/d) Helicopter / UAV,FERCHAU,"Donauwörth, Bavaria, Germany",2026-07-09,https://www.linkedin.com/jobs/view/4438570804 , ,li-4438570804,fulltime,,,,,,False,mid-senior level,Information Technology,,aviation.muc@ferchau.com,Engineering Services,https://de.linkedin.com/company/ferchau,,,,,,,,,,,
linkedin,CST (Mechanical),ELEVANTA SYSTEMS,"Sevenig (Our), Rhineland-Palatinate, Germany",2026-07-09,https://www.linkedin.com/jobs/view/4435922207 , ,li-4435922207,fulltime,,,,,,False,entry level,Management and Manufacturing,,,Engineering Services,https://www.linkedin.com/company/elevanta-systems,,,,,,,,,,,
linkedin,Autonomy System Test Engineer (f/m/d),Futurail,"Munich, Bavaria, Germany",2026-07-09,https://www.linkedin.com/jobs/view/4433865504 , ,li-4433865504,fulltime,,,,,,False,mid-senior level,Other,,,Software Development,https://de.linkedin.com/company/futurail,,,,,,,,,,,
linkedin,Senior Camera System Design Engineer (m/w/d),cigus,"Stuttgart, Baden-Württemberg, Germany",2026-07-09,https://www.linkedin.com/jobs/view/4437177948 , ,li-4437177948,fulltime,,,,,,False,not applicable,Other,,,Motor Vehicle Manufacturing,https://de.linkedin.com/company/cigus-technology,,,,,,,,,,,
linkedin,Berechnungsingenieur Rotorblatt (m/w/d),ENERCON,"Bremen, Bremen, Germany",2026-07-09,https://www.linkedin.com/jobs/view/4438657597 , ,li-4438657597,fulltime,,,,,,False,mid-senior level,Engineering and Information Technology,,"MEIKE.LUEBBEN@ENERCON.DE, inclusion@enercon.de",Renewable Energy Semiconductor Manufacturing,https://de.linkedin.com/company/enercon-gmbh,,,,,,,,,,,
linkedin,Entwicklungsingenieur Fahrerassistenzsysteme Automotive (m/w/d),FERCHAU,"Stuttgart, Baden-Württemberg, Germany",2026-07-09,https://www.linkedin.com/jobs/view/4438570811 , ,li-4438570811,fulltime,,,,,,False,entry level,Engineering and Information Technology,,-automotive@ferchau.com,Engineering Services,https://de.linkedin.com/company/ferchau,,,,,,,,,,,
linkedin,System Design Engineer (BESS) (f/m/d),Axpo Group,"Berlin, Berlin, Germany",2026-07-09,https://www.linkedin.com/jobs/view/4410556734 , ,li-4410556734,fulltime,,,,,,False,not applicable,Engineering and Information Technology,,,Utilities,https://ch.linkedin.com/company/axpo-group,,,,,,,,,,,
linkedin,"Process Engineer (m/w/d) Combustion, Boiler & BoP",Kanadevia Inova,"Gummersbach, North Rhine-Westphalia, Germany",2026-07-09,https://www.linkedin.com/jobs/view/4438693695 , ,li-4438693695,fulltime,,,,,,False,mid-senior level,Management and Manufacturing,,,Services for Renewable Energy,https://ch.linkedin.com/company/kanadevia-inova,,,,,,,,,,,
linkedin,Systemingenieur (m/w/d),ACONEXT,"Kiel, Schleswig-Holstein, Germany",2026-07-09,https://www.linkedin.com/jobs/view/4438610101 , ,li-4438610101,fulltime,,,,,,False,mid-senior level,Engineering,,,Defense and Space Manufacturing and Motor Vehicle Manufacturing,https://de.linkedin.com/company/aconext-holding-gmbh,,,,,,,,,,,
linkedin,Concept Engineer Special Projects (m/w/d),Big Dutchman Skandinavien,"Vechta, Lower Saxony, Germany",2026-07-09,https://www.linkedin.com/jobs/view/4438635475 , ,li-4438635475,fulltime,,,,,,False,entry level,Engineering and Information Technology,,jobs@bigdutchman.de,Farming,https://dk.linkedin.com/company/bigdutchmanskandinavien,,,,,,,,,,,
linkedin,Design Engineer,Thrive IT Systems,"Jena, Thuringia, Germany",2026-07-09,https://www.linkedin.com/jobs/view/4438599094 , ,li-4438599094,fulltime,,,,,,False,associate,Design,,shikharsharma@thriveitsystems.com,Magnetic and Optical Media Manufacturing and IT Services and IT Consulting,https://uk.linkedin.com/company/thrive-it-systems-ltd,,,,,,,,,,,
linkedin,Entwicklungsingenieur Maschinenbau (w/m/d),Capgemini Engineering,"Stuttgart, Baden-Württemberg, Germany",2026-07-09,https://www.linkedin.com/jobs/view/4437569571 , ,li-4437569571,fulltime,,,,,,False,entry level,Engineering and Information Technology,,jetmire.karaqica@capgemini.com,Engineering Services,https://fr.linkedin.com/company/capgemini-engineering,,,,,,,,,,,
linkedin,Konstrukteur / Techniker (m/w/d) Produktentwicklung | Konstruktion | CAD,KRAUSE-Werk GmbH & Co. KG,"Alsfeld, Hesse, Germany",2026-07-09,https://www.linkedin.com/jobs/view/4435604762 , ,li-4435604762,fulltime,,,,,,False,mid-senior level,Information Technology and Engineering,,,Mechanical Or Industrial Engineering,https://de.linkedin.com/company/krause-werk-gmbh-&-co.-kg,,,,,,,,,,,
linkedin,OTA Systems Architect,Rivian and Volkswagen Group Technologies,"Berlin, Berlin, Germany",2026-07-09,https://www.linkedin.com/jobs/view/4409717966 , ,li-4409717966,fulltime,,,,,,True,mid-senior level,Engineering and Information Technology,,candidateaccommodations@rivian.com,Software Development,https://www.linkedin.com/company/rivian-and-vw-group-technologies,,,,,,,,,,,
linkedin,Mechanical Design Engineer,Permag,"Korntal-Münchingen, Baden-Württemberg, Germany",2026-07-09,https://www.linkedin.com/jobs/view/4374153995 , ,li-4374153995,fulltime,,,,,,False,associate,Engineering,,,Medical Equipment Manufacturing,https://www.linkedin.com/company/permag,,,,,,,,,,,
linkedin,Konstrukteur (m/w/d) Kundensonderwunsch,FERCHAU,"Mannheim, Baden-Württemberg, Germany",2026-07-09,https://www.linkedin.com/jobs/view/4438583301 , ,li-4438583301,fulltime,,,,,,False,mid-senior level,Management and Manufacturing,,mannheim@ferchau.com,Engineering Services,https://de.linkedin.com/company/ferchau,,,,,,,,,,,
linkedin,System Engineer  Interference Mitigation (m/w/d) - Product Line Detect,Valeo,"Bietigheim-Bissingen, Baden-Württemberg, Germany",2026-07-09,https://www.linkedin.com/jobs/view/4438678265 , ,li-4438678265,fulltime,,,,,,False,mid-senior level,Information Technology,,Julia.Mittelmaier@Valeo.com,Motor Vehicle Parts Manufacturing,https://fr.linkedin.com/company/valeo,,,,,,,,,,,
linkedin,Prüfstandverantwortlicher für Fahrzeugtest (m/w/d),prognum Automotive GmbH,"Stuttgart, Baden-Württemberg, Germany",2026-07-09,https://www.linkedin.com/jobs/view/4438817758 , ,li-4438817758,fulltime,,,,,,False,mid-senior level,Other,,,Engineering Services,https://de.linkedin.com/company/prognum-automotive,,,,,,,,,,,
linkedin,Ingenieur (m/w/d) Fahrzeugtechnik,FERCHAU,"Saarbrücken, Saarland, Germany",2026-07-09,https://www.linkedin.com/jobs/view/4438581392 , ,li-4438581392,fulltime,,,,,,False,entry level,Engineering and Information Technology,,saarbruecken@ferchau.com,Engineering Services,https://de.linkedin.com/company/ferchau,,,,,,,,,,,
linkedin,Versuchs-/Testingenieur Fahrerassistenzsysteme / ADAS (m/w/d),prognum Automotive GmbH,"Stuttgart, Baden-Württemberg, Germany",2026-07-09,https://www.linkedin.com/jobs/view/4438832069 , ,li-4438832069,fulltime,,,,,,False,entry level,Engineering and Information Technology,,,Engineering Services,https://de.linkedin.com/company/prognum-automotive,,,,,,,,,,,
linkedin,Versuchsingenieur Gesamtfahrzeugversuch (m/w/d),FERCHAU,"Stuttgart, Baden-Württemberg, Germany",2026-07-09,https://www.linkedin.com/jobs/view/4438578553 , ,li-4438578553,fulltime,,,,,,False,entry level,Engineering and Information Technology,,-automotive@ferchau.com,Engineering Services,https://de.linkedin.com/company/ferchau,,,,,,,,,,,
linkedin,Systemingenieur (m/w/d) Elektronische Luftfahrtkomponenten,FERCHAU,"Immenstaad am Bodensee, Baden-Württemberg, Germany",2026-07-09,https://www.linkedin.com/jobs/view/4438569878 , ,li-4438569878,fulltime,,,,,,False,entry level,Information Technology,,Melanie.Junginger@ferchau.com,Engineering Services,https://de.linkedin.com/company/ferchau,,,,,,,,,,,
linkedin,Middle System Engineer,TXT GROUP,"Bayern, Bavaria, Germany",2026-07-09,https://www.linkedin.com/jobs/view/4437580054 , ,li-4437580054,fulltime,,,,,,False,mid-senior level,Information Technology,,,IT Services and IT Consulting,https://it.linkedin.com/company/txtgroup,,,,,,,,,,,
linkedin,System Engineer (human),NEURA Robotics,"Munich, Bavaria, Germany",2026-07-09,https://www.linkedin.com/jobs/view/4437816037 , ,li-4437816037,fulltime,,,,,,False,mid-senior level,Information Technology,,,Automation Machinery Manufacturing,https://de.linkedin.com/company/neura-robotics,,,,,,,,,,,
linkedin,Engineer (m/f/d) WRC Engine Application - Race & Test,TOYOTA RACING,"Cologne, North Rhine-Westphalia, Germany",2026-07-09,https://www.linkedin.com/jobs/view/4438627436 , ,li-4438627436,fulltime,,,,,,False,entry level,Engineering and Information Technology,,,Motor Vehicle Manufacturing,https://de.linkedin.com/company/toyota-racing,,,,,,,,,,,
linkedin,Systemingenieur Fahrerassistenzsysteme / ADAS (m/w/d),prognum Automotive GmbH,"Stuttgart, Baden-Württemberg, Germany",2026-07-09,https://www.linkedin.com/jobs/view/4438814829 , ,li-4438814829,fulltime,,,,,,False,entry level,Information Technology,,,Engineering Services,https://de.linkedin.com/company/prognum-automotive,,,,,,,,,,,
linkedin,Karrieretag Junior Ingenieure (m/w/d),Rheinmetall,"Unterlüß, Lower Saxony, Germany",2026-07-09,https://www.linkedin.com/jobs/view/4435643223 , ,li-4435643223,fulltime,,,,,,False,entry level,Engineering and Information Technology,,,Defense and Space Manufacturing,https://de.linkedin.com/company/rheinmetall,,,,,,,,,,,
linkedin,Control Engineer,Wayve,"Leonberg, Baden-Württemberg, Germany",2026-07-09,https://www.linkedin.com/jobs/view/4399794596 , ,li-4399794596,fulltime,,,,,,False,entry level,Engineering and Information Technology,,,Software Development,https://uk.linkedin.com/company/wayve-technologies,,,,,,,,,,,
linkedin,Vehicle Dynamics Modelling Engineer (m/w/d),TOYOTA RACING,"Cologne, North Rhine-Westphalia, Germany",2026-07-09,https://www.linkedin.com/jobs/view/4438629281 , ,li-4438629281,fulltime,,,,,,False,mid-senior level,Engineering and Information Technology,,,Motor Vehicle Manufacturing,https://de.linkedin.com/company/toyota-racing,,,,,,,,,,,
linkedin,Design Engineer - Studio Team,Jobgether,,2026-07-09,https://www.linkedin.com/jobs/view/4437565573 , ,li-4437565573,fulltime,,,,,,True,entry level,Engineering and Information Technology,,,Internet Marketplace Platforms,https://be.linkedin.com/company/jobgether,,,,,,,,,,,
linkedin,Molecular & Fluid Dynamics Engineer,FS Dynamics,,2026-07-09,https://www.linkedin.com/jobs/view/4438597280 , ,li-4438597280,fulltime,,,,,,False,entry level,"Science, Engineering, and Analyst",,recruitment@fsdynamics.de,"Semiconductor Manufacturing, Chemical Manufacturing, and Industrial Machinery Manufacturing",https://se.linkedin.com/company/fs-dynamics,,,,,,,,,,,
linkedin,"Entwicklungsingenieur Konstruktion, all genders",SALT AND PEPPER Group,"Augsburg, Bavaria, Germany",2026-07-09,https://www.linkedin.com/jobs/view/4418809417 , ,li-4418809417,fulltime,,,,,,False,entry level,Engineering and Information Technology,,,Engineering Services,https://de.linkedin.com/company/salt-and-pepper,,,,,,,,,,,
linkedin,Entwicklungsingenieur (m/w/d),FERCHAU,"Kiel, Schleswig-Holstein, Germany",2026-07-09,https://www.linkedin.com/jobs/view/4438587055 , ,li-4438587055,fulltime,,,,,,False,entry level,Engineering and Information Technology,,john.kaehler@ferchau.com,Engineering Services,https://de.linkedin.com/company/ferchau,,,,,,,,,,,
linkedin,Systemingenieur Infotainment/Connectivity (m/w/d),prognum Automotive GmbH,"Stuttgart, Baden-Württemberg, Germany",2026-07-09,https://www.linkedin.com/jobs/view/4438814828 , ,li-4438814828,fulltime,,,,,,False,entry level,Information Technology,,,Engineering Services,https://de.linkedin.com/company/prognum-automotive,,,,,,,,,,,
linkedin,STRUCTURAL ANALYSIS ENGINEER (M/F/D),Canyon,"Coblenz, Rhineland-Palatinate, Germany",2026-07-09,https://www.linkedin.com/jobs/view/4428715328 , ,li-4428715328,fulltime,,,,,,False,mid-senior level,Engineering and Information Technology,,,Sporting Goods Manufacturing,https://de.linkedin.com/company/canyon-bicycles-gmbh,,,,,,,,,,,
linkedin,Development Engineer (w/m/d),MBDA Deutschland,"Schrobenhausen, Bavaria, Germany",2026-07-09,https://www.linkedin.com/jobs/view/4438555605 , ,li-4438555605,fulltime,,,,,,False,entry level,Engineering and Information Technology,,,Defense and Space Manufacturing,https://de.linkedin.com/company/mbda-deutschland,,,,,,,,,,,
linkedin,System Engineer Interference Mitigation (m/w/d) - Product Line Detect,Valeo,"Bietigheim-Bissingen, Baden-Württemberg, Germany",2026-07-09,https://www.linkedin.com/jobs/view/4438620927 , ,li-4438620927,fulltime,,,,,,False,mid-senior level,Information Technology,,Julia.Mittelmaier@Valeo.com,Motor Vehicle Parts Manufacturing,https://fr.linkedin.com/company/valeo,,,,,,,,,,,
linkedin,Konstrukteur (m/w/d),FERCHAU,"Kiel, Schleswig-Holstein, Germany",2026-07-09,https://www.linkedin.com/jobs/view/4438588000 , ,li-4438588000,fulltime,,,,,,False,entry level,Management and Manufacturing,,olivia.seck@ferchau.com,Engineering Services,https://de.linkedin.com/company/ferchau,,,,,,,,,,,
linkedin,Technischer Produktdesigner (m/w/d) Maschinenbau,FERCHAU,"Freiburg, Baden-Württemberg, Germany",2026-07-09,https://www.linkedin.com/jobs/view/4438573746 , ,li-4438573746,fulltime,,,,,,False,mid-senior level,"Design, Art/Creative, and Information Technology",,freiburg@ferchau.com,Engineering Services,https://de.linkedin.com/company/ferchau,,,,,,,,,,,
linkedin,Senior Mechanical Design Engineer (w/m/d) - TGA,maincubes SECURE DATACENTERS,"Frankfurt am Main, Hesse, Germany",2026-07-09,https://www.linkedin.com/jobs/view/4428811209 , ,li-4428811209,fulltime,,,,,,False,associate,Engineering and Project Management,,jobs@maincubes.com,"IT Services and IT Consulting, Construction, and IT System Data Services",https://de.linkedin.com/company/maincubes,,,,,,,,,,,
linkedin,Entwicklungsingenieur (m/w/d) Automotive,FERCHAU,"Karlsruhe, Baden-Württemberg, Germany",2026-07-09,https://www.linkedin.com/jobs/view/4438572807 , ,li-4438572807,fulltime,,,,,,False,entry level,Engineering and Information Technology,,-mobility@ferchau.com,Engineering Services,https://de.linkedin.com/company/ferchau,,,,,,,,,,,
linkedin,Head of Power Module Development,Experts Group International,"Bavaria, Germany",2026-07-08,https://www.linkedin.com/jobs/view/4278298631 , ,li-4278298631,fulltime,,,,,,False,director,Design and Engineering,,,"Services for Renewable Energy, Motor Vehicle Manufacturing, and Industrial Machinery Manufacturing",https://uk.linkedin.com/company/expertsgroupinternational,,,,,,,,,,,
linkedin,Konstrukteur im Bereich Automotive Data Connector (m/w/d),Rosenberger Group,"Fridolfing, Bavaria, Germany",2026-07-08,https://www.linkedin.com/jobs/view/4418084115 , ,li-4418084115,fulltime,,,,,,False,entry level,Engineering and Design,,,"Appliances, Electrical, and Electronics Manufacturing, Motor Vehicle Manufacturing, and Telecommunications",https://de.linkedin.com/company/rosenberger-group,,,,,,,,,,,
linkedin,Mechanical Design Engineer,LUMA Vision,"Munich, Bavaria, Germany",2026-07-08,https://www.linkedin.com/jobs/view/4434811937 , ,li-4434811937,fulltime,,,,,,False,not applicable,Engineering and Information Technology,,,Medical Equipment Manufacturing,https://ie.linkedin.com/company/lumavision,,,,,,,,,,,
linkedin,"Staff Mechanical Design Engineer – Cabin Engineering  (m/w/d) Berlin, Germany",Tesla,"Berlin, Berlin, Germany",2026-07-08,https://www.linkedin.com/jobs/view/4438261912 , ,li-4438261912,fulltime,,,,,,False,mid-senior level,Engineering and Information Technology,,,"Motor Vehicle Manufacturing, Renewable Energy Semiconductor Manufacturing, and Utilities",https://www.linkedin.com/company/tesla-motors,,,,,,,,,,,
linkedin,Design-Ingenieur_in im LHT-Entwicklungsbetrieb (m/w/d) Lufthansa Technik,AIP SERVICES GmbH,"Hamburg, Hamburg, Germany",2026-07-08,https://www.linkedin.com/jobs/view/4437000533 , ,li-4437000533,fulltime,,,,,,False,mid-senior level,Engineering,,,Retail,https://de.linkedin.com/company/metrica-services-gmbh,,,,,,,,,,,
linkedin,Produktentwickler (m/w/d),Eugen Forschner GmbH,"Spaichingen, Baden-Württemberg, Germany",2026-07-08,https://www.linkedin.com/jobs/view/4438141262 , ,li-4438141262,fulltime,,,,,,False,mid-senior level,Research,,,Motor Vehicle Manufacturing,https://de.linkedin.com/company/forschner-group,,,,,,,,,,,
linkedin,Berechnungsingenieur MKS (m/w/d),IAMT Engineering GmbH & Co. KG (IAMT Gruppe),"Dresden, Saxony, Germany",2026-07-08,https://www.linkedin.com/jobs/view/4438210156 , ,li-4438210156,fulltime,,,,,,False,entry level,Engineering and Information Technology,,,Motor Vehicle Manufacturing,https://de.linkedin.com/company/iamt-engineering,,,,,,,,,,,
linkedin,Turbopump Design and Simulation Engineer (m/f/d),POLARIS Spaceplanes,"Bremen, Bremen, Germany",2026-07-08,https://www.linkedin.com/jobs/view/4434849262 , ,li-4434849262,fulltime,,,,,,False,associate,Engineering,,,Industrial Machinery Manufacturing,https://de.linkedin.com/company/polaris-spaceplanes,,,,,,,,,,,
linkedin,CFD Engineer — AI Task Designer (OpenFOAM),Alignerr,"Munich, Bavaria, Germany",2026-07-08,https://www.linkedin.com/jobs/view/4438136003 , ,li-4438136003,contract,,,,,,True,entry level,Engineering and Information Technology,,,"Technology, Information and Internet",https://www.linkedin.com/company/alignerr,,,,,,,,,,,
linkedin,Entwicklungsingenieur mit Schwerpunkt Konstruktion (m/w/d) Imaging Devices,Dentsply Sirona,"Bensheim, Hesse, Germany",2026-07-08,https://www.linkedin.com/jobs/view/4437043008 , ,li-4437043008,fulltime,,,,,,False,mid-senior level,Engineering and Information Technology,,accommodationrequest@dentsplysirona.com,Medical Device,https://www.linkedin.com/company/dentsplysirona,,,,,,,,,,,
linkedin,Cable Design & Fabrication Engineer,People Group,"Hamburg, Germany",2026-07-08,https://www.linkedin.com/jobs/view/4438231155 , ,li-4438231155,fulltime,,,,,,True,mid-senior level,Engineering and Design,,,Electric Power Generation and Utilities,https://uk.linkedin.com/company/peoplegroupuk,,,,,,,,,,,
linkedin,Konstrukteur / Entwicklungsingenieur (m/w/d),Eugen Forschner GmbH,"Spaichingen, Baden-Württemberg, Germany",2026-07-08,https://www.linkedin.com/jobs/view/4438144007 , ,li-4438144007,fulltime,,,,,,False,mid-senior level,Research,,,Motor Vehicle Manufacturing,https://de.linkedin.com/company/forschner-group,,,,,,,,,,,
linkedin,Entwicklungsingenieur (m/w/d),Randstad Deutschland,"Munich, Bavaria, Germany",2026-07-08,https://www.linkedin.com/jobs/view/4438190849 , ,li-4438190849,fulltime,,,,,,False,mid-senior level,Engineering and Information Technology,,,Human Resources Services,https://de.linkedin.com/company/randstad-deutschland,,,,,,,,,,,
linkedin,Industrial Systems Engineer (f/m/d) – Supplier Development,Siemens Energy,"Mülheim an der Ruhr, North Rhine-Westphalia, Germany",2026-07-08,https://www.linkedin.com/jobs/view/4425805631 , ,li-4425805631,fulltime,,,,,,True,mid-senior level,Project Management,,,"Appliances, Electrical, and Electronics Manufacturing",https://www.linkedin.com/company/siemens-energy,,,,,,,,,,,
linkedin,Senior Safety & Systems Engineer,AeroVect,"Berlin, Berlin, Germany",2026-07-08,https://www.linkedin.com/jobs/view/4438510058 , ,li-4438510058,fulltime,,,,,,False,mid-senior level,Information Technology,,,Airlines and Aviation,https://www.linkedin.com/company/aerovect,,,,,,,,,,,
linkedin,Senior Engineer (m/f/d) - Steam Turbine Product Service,GE Vernova,"Mannheim, Baden-Württemberg, Germany",2026-07-08,https://www.linkedin.com/jobs/view/4438258116 , ,li-4438258116,fulltime,,,,,,False,mid-senior level,Engineering and Information Technology,,,Energy Technology,https://www.linkedin.com/company/gevernova,,,,,,,,,,,
linkedin,R&D Engineer (m/f/d),Large Space Structures GmbH,"Eching, Bavaria, Germany",2026-07-08,https://www.linkedin.com/jobs/view/4434809761 , ,li-4434809761,fulltime,,,,,,False,associate,Engineering,,,Government Administration,https://de.linkedin.com/company/largespace,,,,,,,,,,,
linkedin,Simulation Specialist Electric Drives (m/w/d),iwis,"Munich, Bavaria, Germany",2026-07-08,https://www.linkedin.com/jobs/view/4434804381 , ,li-4434804381,fulltime,,,,,,False,mid-senior level,Other,,,Industrial Machinery Manufacturing,https://de.linkedin.com/company/iwis,,,,,,,,,,,
linkedin,Entwicklungsingenieur E-Mobility (w/m/d),Capgemini Engineering,"Stuttgart, Baden-Württemberg, Germany",2026-07-08,https://www.linkedin.com/jobs/view/4437067719 , ,li-4437067719,fulltime,,,,,,False,mid-senior level,Engineering and Information Technology,,stefania.christianopoulou@capgemini.com,Engineering Services,https://fr.linkedin.com/company/capgemini-engineering,,,,,,,,,,,
linkedin,Berechnungsingenieur (w/m/d),Capgemini Engineering,"Munich, Bavaria, Germany",2026-07-08,https://www.linkedin.com/jobs/view/4437061938 , ,li-4437061938,fulltime,,,,,,False,mid-senior level,Engineering and Information Technology,,jetmire.karaqica@capgemini.com,Engineering Services,https://fr.linkedin.com/company/capgemini-engineering,,,,,,,,,,,
linkedin,Systems Engineer Eurofighter Avionics (all gender),ALTEN Germany,"Manching, Bavaria, Germany",2026-07-08,https://www.linkedin.com/jobs/view/4399522408 , ,li-4399522408,fulltime,,,,,,False,associate,Engineering,,,Aviation and Aerospace Component Manufacturing,https://de.linkedin.com/company/altengermany,,,,,,,,,,,
linkedin,Computational Engineer,Proxima Fusion,"Munich, Bavaria, Germany",2026-07-08,https://www.linkedin.com/jobs/view/4437074402 , ,li-4437074402,fulltime,,,,,,False,entry level,Engineering and Information Technology,,,Electric Power Generation,https://de.linkedin.com/company/proximafusion,,,,,,,,,,,
linkedin,Systems Engineer - Schaltplanentwickler,de engineering GmbH,,2026-07-08,https://www.linkedin.com/jobs/view/4438211033 , ,li-4438211033,fulltime,,,,,,False,entry level,,,,Engineering Services,https://www.linkedin.com/company/de-engineering-gmbh,,,,,,,,,,,
linkedin,Automotive ADAS Test Engineer,UBIQUITY SERVICE,"Brunswick, Lower Saxony, Germany",2026-07-08,https://www.linkedin.com/jobs/view/4437060418 , ,li-4437060418,fulltime,,,,,,True,not applicable,Engineering and Information Technology,,,IT Services and IT Consulting,https://pl.linkedin.com/company/ubiquity-service-sp%C3%B3%C5%82ka-z-ograniczon%C4%85-odpowiedzialno%C5%9Bci%C4%85,,,,,,,,,,,
linkedin,(Senior) System Engineer - Microsoft & Modern Workplace (m/w/d),Proact Deutschland,"Ense, North Rhine-Westphalia, Germany",2026-07-08,https://www.linkedin.com/jobs/view/4434654876 , ,li-4434654876,fulltime,,,,,,False,mid-senior level,Information Technology,,jobs@proact.de,IT Services and IT Consulting,https://de.linkedin.com/company/proact-deutschland,,,,,,,,,,,
linkedin,System Engineer - Virtualization (f/m/d),"GMX, WEB.DE & mail.com","Karlsruhe, Baden-Württemberg, Germany",2026-07-08,https://www.linkedin.com/jobs/view/4434860086 , ,li-4434860086,fulltime,,,,,,False,associate,Information Technology,,,"Technology, Information and Internet",https://de.linkedin.com/company/1-1-mail-media-applications-se,,,,,,,,,,,
linkedin,(Senior) System Engineer / Teamlead Cybersecurity (m/w/d) || netgo tax,netgo,,2026-07-08,https://www.linkedin.com/jobs/view/4252002971 , ,li-4252002971,fulltime,,,,,,False,mid-senior level,Information Technology,,jobs@netgo.de,IT Services and IT Consulting,https://de.linkedin.com/company/netgo-grp,,,,,,,,,,,
linkedin,Senior System Engineer - Platform Infrastructure (m/w/d) || netgo tax,netgo,,2026-07-08,https://www.linkedin.com/jobs/view/4252009268 , ,li-4252009268,fulltime,,,,,,False,mid-senior level,Information Technology,,jobs@netgo.de,IT Services and IT Consulting,https://de.linkedin.com/company/netgo-grp,,,,,,,,,,,
linkedin,Systemingenieur (d/m/w) Laser Communication Terminals,Airbus,"Stuttgart, Baden-Württemberg, Germany",2026-07-08,https://www.linkedin.com/jobs/view/4434802127 , ,li-4434802127,fulltime,,,,,,False,mid-senior level,Information Technology,,emsom@airbus.com,Aviation and Aerospace Component Manufacturing,https://fr.linkedin.com/company/airbusgroup,,,,,,,,,,,
linkedin,VIE Quality Engineer M/F,Valeo,"Neuses, Bavaria, Germany",2026-07-08,https://www.linkedin.com/jobs/view/4298902851 , ,li-4298902851,fulltime,,,,,,False,entry level,Quality Assurance,,,Motor Vehicle Parts Manufacturing,https://fr.linkedin.com/company/valeo,,,,,,,,,,,
linkedin,Produktionsingenieur für Automatisierungs- und Projektmanagement (m/w/d),HAIX Group,"Mainburg, Bavaria, Germany",2026-07-08,https://www.linkedin.com/jobs/view/4437093007 , ,li-4437093007,fulltime,,,,,,False,mid-senior level,Engineering,,,Education Administration Programs,https://de.linkedin.com/company/haixgroup,,,,,,,,,,,
linkedin,Senior Steam Turbine Mechanical Design Engineer,GE Vernova,"Mannheim, Baden-Württemberg, Germany",2026-07-08,https://www.linkedin.com/jobs/view/4438243615 , ,li-4438243615,fulltime,,,,,,False,mid-senior level,Engineering and Information Technology,,,Energy Technology,https://www.linkedin.com/company/gevernova,,,,,,,,,,,
linkedin,Maschinenbauingenieur (w/m/d) R&D,Siemens,"Frankfurt am Main, Hesse, Germany",2026-07-07,https://www.linkedin.com/jobs/view/4427732449 , ,li-4427732449,fulltime,,,,,,False,mid-senior level,Research,,,Automation Machinery Manufacturing,https://de.linkedin.com/company/siemens,,,,,,,,,,,
linkedin,Team Lead Simulation and Enginnering / Magnetics,ZIEHL-ABEGG SE,"Künzelsau, Baden-Württemberg, Germany",2026-07-07,https://www.linkedin.com/jobs/view/4427172926 , ,li-4427172926,fulltime,,,,,,False,associate,Engineering,,,"Appliances, Electrical, and Electronics Manufacturing",https://de.linkedin.com/company/ziehl-abegg-se,,,,,,,,,,,
linkedin,Rail Product Development Engineer,Norsk Hydro,"Offenburg, Baden-Württemberg, Germany",2026-07-07,https://www.linkedin.com/jobs/view/4434549916 , ,li-4434549916,fulltime,,,,,,False,mid-senior level,"Engineering, Production, and Manufacturing",,,Mining,https://no.linkedin.com/company/norsk-hydro,,,,,,,,,,,
linkedin,Senior Systemingenieur (w/m/d) Antriebssteuerung Lokomotiven,Siemens,"Erlangen, Bavaria, Germany",2026-07-07,https://www.linkedin.com/jobs/view/4436828115 , ,li-4436828115,fulltime,,,,,,True,mid-senior level,Engineering,,,Automation Machinery Manufacturing,https://de.linkedin.com/company/siemens,,,,,,,,,,,
linkedin,Versuchsingenieur (m/w/d),Prime Engineering Germany,"Karlstein am Main, Bavaria, Germany",2026-07-07,https://www.linkedin.com/jobs/view/4437736751 , ,li-4437736751,fulltime,,,,,,False,associate,Engineering,,bewerbung@primeengineering.de,Energy Technology,https://de.linkedin.com/company/prime-engineering-germany,,,,,,,,,,,
linkedin,Mechanical Engineer (f/m/d),Omnisent,"Munich, Bavaria, Germany",2026-07-07,https://www.linkedin.com/jobs/view/4434509171 , ,li-4434509171,fulltime,,,,,,False,entry level,Engineering,,,IT Services and IT Consulting,https://de.linkedin.com/company/omnisent,,,,,,,,,,,
linkedin,Detailkonstrukteur (m/w/d),Bertrandt Group,"Rastede, Lower Saxony, Germany",2026-07-07,https://www.linkedin.com/jobs/view/4436853459 , ,li-4436853459,fulltime,,,,,,False,mid-senior level,"Design, Art/Creative, and Information Technology",,,Engineering Services,https://de.linkedin.com/company/bertrandt-ag,,,,,,,,,,,
linkedin,Sensor Integration Engineer (m/f/d),MOTOR Ai,"Berlin, Berlin, Germany",2026-07-07,https://www.linkedin.com/jobs/view/4434513686 , ,li-4434513686,fulltime,,,,,,True,mid-senior level,Engineering,,,Software Development,https://de.linkedin.com/company/motorai,,,,,,,,,,,
linkedin,Multiphysics Simulation Engineer (m/f/d),Alpitronic,"Nuremberg, Bavaria, Germany",2026-07-07,https://www.linkedin.com/jobs/view/4385743322 , ,li-4385743322,fulltime,,,,,,False,associate,Engineering and Information Technology,,,"Appliances, Electrical, and Electronics Manufacturing",https://it.linkedin.com/company/alpitronic-srl,,,,,,,,,,,
linkedin,Senior Calibration Engineer,Xiaomi Technology,"Munich, Bavaria, Germany",2026-07-07,https://www.linkedin.com/jobs/view/4436531407 , ,li-4436531407,fulltime,,,,,,False,mid-senior level,Engineering,,,Motor Vehicle Manufacturing,https://cn.linkedin.com/company/xiaomi-technology,,,,,,,,,,,
linkedin,Vehicle Dynamics und Controls Engineer (Nutzfahrzeuge) – MATLAB/Simulink,Teoresi Group,"Ulm, Baden-Württemberg, Germany",2026-07-07,https://www.linkedin.com/jobs/view/4434543849 , ,li-4434543849,fulltime,,,,,,True,entry level,Consulting,,,Engineering Services,https://it.linkedin.com/company/teoresigroup,,,,,,,,,,,
linkedin,Vehicle Dynamics and Controls Engineer (Commercial Vehicles) – MATLAB/Simulink,Teoresi Group,"Ulm, Baden-Württemberg, Germany",2026-07-07,https://www.linkedin.com/jobs/view/4434546810 , ,li-4434546810,fulltime,,,,,,True,entry level,Consulting,,,Engineering Services,https://it.linkedin.com/company/teoresigroup,,,,,,,,,,,
linkedin,Control Engineer (m/f/d),Alpitronic,"Nuremberg, Bavaria, Germany",2026-07-07,https://www.linkedin.com/jobs/view/4385745244 , ,li-4385745244,fulltime,,,,,,False,associate,Engineering and Information Technology,,,"Appliances, Electrical, and Electronics Manufacturing",https://it.linkedin.com/company/alpitronic-srl,,,,,,,,,,,
linkedin,System Engineer (m/w/d),Mirion,"Munich, Bavaria, Germany",2026-07-07,https://www.linkedin.com/jobs/view/4436811586 , ,li-4436811586,fulltime,,,,,,False,mid-senior level,Information Technology,,,Manufacturing,https://www.linkedin.com/company/mirion,,,,,,,,,,,
linkedin,System Engineer SAP Services (f/m/d),Endress+Hauser Group,"Freiburg, Baden-Württemberg, Germany",2026-07-07,https://www.linkedin.com/jobs/view/4379737305 , ,li-4379737305,fulltime,,,,,,False,entry level,Information Technology,,,Automation Machinery Manufacturing,https://ch.linkedin.com/company/endress-hauser-group,,,,,,,,,,,
linkedin,SYSTEM ENGINEER MIT SCHWERPUNKT MICROSOFT PRODUKT-IMPLEMENTIERUNGEN (M/W/D),Luithle + Luithle GmbH,"Gemmrigheim, Baden-Württemberg, Germany",2026-07-07,https://www.linkedin.com/jobs/view/4436530744 , ,li-4436530744,fulltime,,,,,,False,mid-senior level,Information Technology,,,IT Services and IT Consulting,https://de.linkedin.com/company/luithleluithle,,,,,,,,,,,
linkedin,Detailkonstrukteur (m/w/d),Bertrandt Group,"Bremerhaven, Bremen, Germany",2026-07-07,https://www.linkedin.com/jobs/view/4436848684 , ,li-4436848684,fulltime,,,,,,False,mid-senior level,"Design, Art/Creative, and Information Technology",,,Engineering Services,https://de.linkedin.com/company/bertrandt-ag,,,,,,,,,,,
linkedin,Senior Development Engineer (M/F/D),DSJ Global,"Berlin, Germany",2026-07-07,https://www.linkedin.com/jobs/view/4436323564 , ,li-4436323564,fulltime,,,,,,False,not applicable,"Design, Engineering, and Manufacturing",,,"Electrical Equipment Manufacturing, Engines and Power Transmission Equipment Manufacturing, and Semiconductor Manufacturing",https://uk.linkedin.com/company/dsj-global,,,,,,,,,,,
linkedin,Schiffbau-Konstrukteur:in (m/w/d),HEGEMANN-REINERS GRUPPE,"Berlin, Berlin, Germany",2026-07-07,https://www.linkedin.com/jobs/view/4434559397 , ,li-4434559397,fulltime,,,,,,False,mid-senior level,Engineering,,,Shipbuilding,https://de.linkedin.com/company/hegemann-reiners-gruppe,,,,,,,,,,,
linkedin,Senior Design Engineer (m/w/d),Norsk Hydro,"Ulm, Baden-Württemberg, Germany",2026-07-07,https://www.linkedin.com/jobs/view/4437761955 , ,li-4437761955,fulltime,,,,,,False,mid-senior level,Engineering and Information Technology,,,Mining,https://no.linkedin.com/company/norsk-hydro,,,,,,,,,,,
linkedin,Mechanical Engineer,Hatch,"Essen, North Rhine-Westphalia, Germany",2026-07-07,https://www.linkedin.com/jobs/view/4426497748 , ,li-4426497748,fulltime,,,,,,False,mid-senior level,"Design, Consulting, and Engineering",,,"Mining, Oil and Gas, and Truck Transportation",https://ca.linkedin.com/company/hatch,,,,,,,,,,,
linkedin,Konstrukteur (m/w/d),MAX STREICHER GmbH & Co. KG aA,"Deggendorf, Bavaria, Germany",2026-07-07,https://www.linkedin.com/jobs/view/4434598216 , ,li-4434598216,fulltime,,,,,,False,entry level,Management and Manufacturing,,,Oil and Gas,https://de.linkedin.com/company/max-streicher,,,,,,,,,,,
linkedin,(Sr.) ENGINEER FOR STEERING ENGINEERING DESIGN (M/F/D),Hyundai Motor Europe Technical Center GmbH,"Rüsselsheim, Hesse, Germany",2026-07-07,https://www.linkedin.com/jobs/view/4268303819 , ,li-4268303819,fulltime,,,,,,False,mid-senior level,Engineering and Information Technology,,,Motor Vehicle Manufacturing,https://de.linkedin.com/company/hyundaimotoreuropetechnicalcentergmbh,,,,,,,,,,,
linkedin,Ingenieurin / Ingenieur (m/w/d) Hardwarekonstruktion Maschinenbau,Scheidt & Bachmann,"Mönchengladbach, North Rhine-Westphalia, Germany",2026-07-07,https://www.linkedin.com/jobs/view/4426864079 , ,li-4426864079,fulltime,,,,,,False,entry level,Engineering and Information Technology,,,IT Services and IT Consulting,https://de.linkedin.com/company/scheidt-&-bachmann,,,,,,,,,,,
linkedin,Detailkonstrukteur (m/w/d),Bertrandt Group,"Bremen, Bremen, Germany",2026-07-07,https://www.linkedin.com/jobs/view/4436855357 , ,li-4436855357,fulltime,,,,,,False,mid-senior level,"Design, Art/Creative, and Information Technology",,,Engineering Services,https://de.linkedin.com/company/bertrandt-ag,,,,,,,,,,,
linkedin,Facade Senior Design Engineer (m/w/d),WICONA,"Ulm, Baden-Württemberg, Germany",2026-07-07,https://www.linkedin.com/jobs/view/4437782029 , ,li-4437782029,fulltime,,,,,,False,entry level,Engineering,,,Wholesale Building Materials,https://de.linkedin.com/company/wicona,,,,,,,,,,,
linkedin,Hardware Entwickler digitale Schaltungsentwicklung (m/w/d),Rohde & Schwarz,"Stuttgart, Baden-Württemberg, Germany",2026-07-07,https://www.linkedin.com/jobs/view/4434685534 , ,li-4434685534,fulltime,,,,,,False,not applicable,Engineering and Information Technology,,,Telecommunications,https://de.linkedin.com/company/rohde-schwarz,,,,,,,,,,,
linkedin,Mechanical Design Engineer (m/w/d),GE Vernova,"Berlin, Berlin, Germany",2026-07-07,https://www.linkedin.com/jobs/view/4437818415 , ,li-4437818415,fulltime,,,,,,False,mid-senior level,Engineering and Information Technology,,,Energy Technology,https://www.linkedin.com/company/gevernova,,,,,,,,,,,
linkedin,Chassis Platform Architect (Senior / Expert),XPENG,,2026-07-07,https://www.linkedin.com/jobs/view/4425472762 , ,li-4425472762,fulltime,,,,,,False,mid-senior level,Product Management and Engineering,,,Motor Vehicle Manufacturing,https://cn.linkedin.com/company/xpengglobal,,,,,,,,,,,
linkedin,Produktdesigner (m/w/div.) Bereich Betriebsmittelkonstruktion,Schütz GmbH & Co. KGaA,"Selters, Rhineland-Palatinate, Germany",2026-07-06,https://www.linkedin.com/jobs/view/4433987203 , ,li-4433987203,fulltime,,,,,,False,mid-senior level,Design,,,Machinery Manufacturing,https://de.linkedin.com/company/schuetz-gmbh-co-kgaa,,,,,,,,,,,
linkedin,Network Engineer (m/f/d),IPG Photonics GmbH & Co. KG,"Burbach, North Rhine-Westphalia, Germany",2026-07-06,https://www.linkedin.com/jobs/view/4437446511 , ,li-4437446511,fulltime,,,,,,False,entry level,Information Technology,,bewerbungen@ipgphotonics.com,Internet Publishing,https://de.linkedin.com/company/ipg-photonics-europe,,,,,,,,,,,
linkedin,Automation Support Engineer (m/w/d),CALJAN,"Halle, North Rhine-Westphalia, Germany",2026-07-06,https://www.linkedin.com/jobs/view/4436238682 , ,li-4436238682,fulltime,,,,,,False,entry level,Information Technology,,,"Transportation, Logistics, Supply Chain and Storage",https://dk.linkedin.com/company/caljan,,,,,,,,,,,
linkedin,Design Engineer,The Weir Group PLC,"Baden-Baden, Baden-Württemberg, Germany",2026-07-06,https://www.linkedin.com/jobs/view/4422713729 , ,li-4422713729,fulltime,,,,,,False,not applicable,Engineering and Information Technology,,,"Mining, Industrial Machinery Manufacturing, and Automation Machinery Manufacturing",https://uk.linkedin.com/company/the-weir-group,,,,,,,,,,,
linkedin,Design Engineer,Websprint,,,https://www.linkedin.com/jobs/view/4437281484 , ,li-4437281484,contract,,,,,,False,entry level,Engineering and Information Technology,,,"Technology, Information and Internet",https://www.linkedin.com/company/websprint-inc,,,,,,,,,,,
linkedin,Mechanical Design Engineer (CAD/ CATIA/ Fusion 360),Cubiq Recruitment,"Munich, Bavaria, Germany",,https://www.linkedin.com/jobs/view/4437285081 , ,li-4437285081,fulltime,,,,,,False,associate,Design and Engineering,,,Robotics Engineering,https://uk.linkedin.com/company/cubiq-recruitment,,,,,,,,,,,
linkedin,Senior Engineer (m/f/d) Performance & Simulation,TOYOTA RACING,"Cologne, North Rhine-Westphalia, Germany",,https://www.linkedin.com/jobs/view/4440010665 , ,li-4440010665,fulltime,,,,,,False,mid-senior level,Engineering and Information Technology,,,Motor Vehicle Manufacturing,https://de.linkedin.com/company/toyota-racing,,,,,,,,,,,
linkedin,Verbundstudium Maschinenbau (B. Eng.) & Zerspanungsmechaniker m/w/d zum 01.09.2026,IMO Group,"Gremsdorf, Bavaria, Germany",,https://www.linkedin.com/jobs/view/4439796835 , ,li-4439796835,fulltime,,,,,,False,internship,Engineering and Information Technology,,,Machinery Manufacturing,https://de.linkedin.com/company/imo-unternehmensgruppe,,,,,,,,,,,
linkedin,Projektingenieur:in Versorgungstechnik,HYDE Executives GmbH,"Halle, Saxony-Anhalt, Germany",,https://www.linkedin.com/jobs/view/4439790853 , ,li-4439790853,fulltime,,,,,,False,associate,Project Management and Engineering,,,Manufacturing,https://de.linkedin.com/company/hyde-executives-gmbh,,,,,,,,,,,
linkedin,Technischer Produktdesigner / Technischer Zeichner (m/w/d),Peter Huber Kältemaschinenbau SE,"Offenburg, Baden-Württemberg, Germany",,https://www.linkedin.com/jobs/view/4439787576 , ,li-4439787576,fulltime,,,,,,False,entry level,Other,,,IT Services and IT Consulting,https://de.linkedin.com/company/huber-inspiredbytemperature,,,,,,,,,,,
linkedin,Mechatronics Engineer,THRYVE,"Berlin, Germany",,https://www.linkedin.com/jobs/view/4439783690 , ,li-4439783690,fulltime,,,,,,False,mid-senior level,Information Technology,,,"Technology, Information and Media",https://de.linkedin.com/company/thryvetalent,,,,,,,,,,,
linkedin,Senior Modelling and Simulation Engineer,Cubiq Recruitment,"Munich, Bavaria, Germany",,https://www.linkedin.com/jobs/view/4437268887 , ,li-4437268887,fulltime,,,,,,False,mid-senior level,Engineering,,,Robotics Engineering,https://uk.linkedin.com/company/cubiq-recruitment,,,,,,,,,,,
linkedin,Konstruktionsingenieur Maschinen- und Anlagenbau (m/w/d),Vetter Pharma,"Ravensburg, Baden-Württemberg, Germany",,https://www.linkedin.com/jobs/view/4439413991 , ,li-4439413991,fulltime,,,,,,False,entry level,Engineering and Information Technology,,,Pharmaceutical Manufacturing,https://de.linkedin.com/company/vetter-pharma,,,,,,,,,,,
linkedin,Senior Designer Kids Apparel,PUMA Group,"Herzogenaurach, Bavaria, Germany",,https://www.linkedin.com/jobs/view/4403499597 , ,li-4403499597,fulltime,,,,,,False,mid-senior level,Design and Art/Creative,,,"Graphic Design, Design Services, and Retail Apparel and Fashion",https://de.linkedin.com/company/puma,,,,,,,,,,,
linkedin,"Tire Development Engineer PCR OE (m/f/d) in Hannover, Germany",Linglong Germany GmbH,"Hannover, Lower Saxony, Germany",,https://www.linkedin.com/jobs/view/4440041346 , ,li-4440041346,fulltime,,,,,,False,associate,"Engineering, Research, and Product Management",,,"Motor Vehicle Manufacturing, Engineering Services, and Railroad Equipment Manufacturing",https://de.linkedin.com/company/linglong-germany-gmbh,,,,,,,,,,,
linkedin,Projektingenieur / Project Engineer Kalkulation / Kalkulator (m/w/d),GOLDBECK,"Berlin, Germany",,https://www.linkedin.com/jobs/view/4431849018 , ,li-4431849018,fulltime,,,,,,False,associate,"Engineering, Sales, and Management",,,"Construction, Real Estate, and Architecture and Planning",https://de.linkedin.com/company/goldbeck,,,,,,,,,,,
linkedin,Qualifizierungsingenieur (m/w/d) - GMP-Bereich,agap2 Germany,,,https://www.linkedin.com/jobs/view/4439159193 , ,li-4439159193,fulltime,,,,,,False,associate,Engineering and Health Care Provider,,,Engineering Services,https://de.linkedin.com/company/agap2-germany,,,,,,,,,,,
linkedin,Maschinenbauingenieur als Wissenschaftlicher Mitarbeiter (m/w/d),Bundesanstalt für Materialforschung und -prüfung,"Berlin, Berlin, Germany",,https://www.linkedin.com/jobs/view/4437264846 , ,li-4437264846,fulltime,,,,,,False,mid-senior level,Engineering,,,Renewable Energy Power Generation,https://de.linkedin.com/company/bamresearch,,,,,,,,,,,
linkedin,Projektingenieur*in (m/w/d) NVH,FEV Vehicle GmbH,"Aachen, North Rhine-Westphalia, Germany",,https://www.linkedin.com/jobs/view/4439130556 , ,li-4439130556,fulltime,,,,,,True,entry level,Engineering and Information Technology,,_hr@fev.com,Motor Vehicle Manufacturing,https://de.linkedin.com/company/fev-vehicle,,,,,,,,,,,
linkedin,Chassis Systems (Automotive),"Q1 Technologies, Inc.","Ingolstadt, Bavaria, Germany",,https://www.linkedin.com/jobs/view/4437272758 , ,li-4437272758,fulltime,,,,,,False,mid-senior level,Information Technology,,,IT Services and IT Consulting,https://www.linkedin.com/company/q1tech,,,,,,,,,,,
linkedin,Senior AI Systems Engineer (f/m/x),BMW Group,"Munich, Bavaria, Germany",,https://www.linkedin.com/jobs/view/4379867830 , ,li-4379867830,fulltime,,,,,,False,mid-senior level,Information Technology,,,Motor Vehicle Manufacturing,https://de.linkedin.com/company/bmw-group,,,,,,,,,,,
linkedin,Systemingenieur Schock und Vibration (m/w/d),Akkodis,"Hamburg, Hamburg, Germany",,https://www.linkedin.com/jobs/view/4437263680 , ,li-4437263680,fulltime,,,,,,False,not applicable,Manufacturing,,,Manufacturing,https://www.linkedin.com/company/akkodis,,,,,,,,,,,
linkedin,Smart cockpit Product management Engineer,Chery Europe GmbH,"Raunheim, Hesse, Germany",,https://www.linkedin.com/jobs/view/4439794353 , ,li-4439794353,fulltime,,,,,,False,associate,"Product Management, Design, and Production",,,Motor Vehicle Manufacturing,https://de.linkedin.com/company/chery-europe-gmbh,,,,,,,,,,,
linkedin,System Engineer (m/w/d),Mirion Technologies,"Munich, Bavaria, Germany",,https://www.linkedin.com/jobs/view/4440056586 , ,li-4440056586,fulltime,,,,,,False,mid-senior level,Information Technology,,,Measuring and Control Instrument Manufacturing,https://www.linkedin.com/company/miriontechnologies,,,,,,,,,,,
linkedin,Robotics Engineer,THRYVE,,,https://www.linkedin.com/jobs/view/4439783679 , ,li-4439783679,fulltime,,,,,,False,mid-senior level,Information Technology,,,Robotics Engineering,https://de.linkedin.com/company/thryvetalent,,,,,,,,,,,
linkedin,IT-System Engineer IT-Security & Networking (m/w/d),NetPlans Schweiz AG,"Mannheim, Baden-Württemberg, Germany",,https://www.linkedin.com/jobs/view/4439410040 , ,li-4439410040,fulltime,,,,,,False,entry level,Information Technology,,,IT Services and IT Consulting,https://ch.linkedin.com/company/netplans-schweiz-ag,,,,,,,,,,,
linkedin,M365 System Engineer – Schwerpunkt Exchange Online (m/w/d),Ratiodata,"Hannover, Lower Saxony, Germany",,https://www.linkedin.com/jobs/view/4367251113 , ,li-4367251113,fulltime,,,,,,False,mid-senior level,Information Technology,,,IT Services and IT Consulting,https://de.linkedin.com/company/ratiodata,,,,,,,,,,,
linkedin,Technischer Produktdesigner Fahrzeugtechnik (m/w/d),Oehmichen & Bürgers Industrieplanung GmbH,"Düsseldorf, North Rhine-Westphalia, Germany",,https://www.linkedin.com/jobs/view/4440044897 , ,li-4440044897,fulltime,,,,,,False,entry level,"Design, Art/Creative, and Information Technology",,,Engineering Services,https://de.linkedin.com/company/oub,,,,,,,,,,,
linkedin,Konstrukteur (m/w/d),KNDS Deutschland,"Kassel, Hesse, Germany",,https://www.linkedin.com/jobs/view/4440064117 , ,li-4440064117,fulltime,,,,,,False,entry level,Management and Manufacturing,,,Defense and Space Manufacturing,https://de.linkedin.com/company/knds-deutschland,,,,,,,,,,,
linkedin,Senior Engineer (m/f/d) Powertrain Design - High Performance Motorsport,TOYOTA RACING,"Cologne, North Rhine-Westphalia, Germany",,https://www.linkedin.com/jobs/view/4388515797 , ,li-4388515797,fulltime,,,,,,False,mid-senior level,Engineering and Information Technology,,,Motor Vehicle Manufacturing,https://de.linkedin.com/company/toyota-racing,,,,,,,,,,,
linkedin,Senior Design Engineer Radio Frequency Communication (m/f/x),STT-SystemTechnik GmbH,"Munich, Bavaria, Germany",,https://www.linkedin.com/jobs/view/4437252472 , ,li-4437252472,fulltime,,,,,,False,mid-senior level,Engineering and Information Technology,,,Aviation and Aerospace Component Manufacturing,https://de.linkedin.com/company/stt-systemtechnik-gmbh,,,,,,,,,,,
linkedin,Konstrukteur (m/w/d),Akkodis,"Ludwigsburg, Baden-Württemberg, Germany",,https://www.linkedin.com/jobs/view/4440001674 , ,li-4440001674,fulltime,,,,,,False,mid-senior level,Engineering,,Ekaterina.Bakhareva@akkodis.com,Utility System Construction,https://www.linkedin.com/company/akkodis,,,,,,,,,,,
linkedin,Site Engineer (m/f/d),GE Vernova,"Berlin, Berlin, Germany",,https://www.linkedin.com/jobs/view/4440019497 , ,li-4440019497,fulltime,,,,,,False,entry level,Engineering and Information Technology,,,Energy Technology,https://www.linkedin.com/company/gevernova,,,,,,,,,,,
